store_id,store_name,product_name,total_sold,rank_in_store
1,"Chocolate Store 1","Lindt Truffle Chocolate 50% (200g)",144,1
1,"Chocolate Store 1","Cadbury Dark Chocolate 90% (100g)",129,2
1,"Chocolate Store 1","Mars Dark Chocolate 50% (50g) [ID:171]",116,3
1,"Chocolate Store 1","Mars Dark Chocolate 60% (80g)",114,4
1,"Chocolate Store 1","Ferrero Dark Chocolate 70% (100g)",110,5
1,"Chocolate Store 1","Hershey Praline Chocolate 50% (200g)",109,6
1,"Chocolate Store 1","Mars Dark Chocolate 90% (80g)",108,7
1,"Chocolate Store 1","Ferrero Dark Chocolate 90% (80g)",107,8
1,"Chocolate Store 1","Ferrero Praline Chocolate 50% (100g) [ID:177]",104,9
1,"Chocolate Store 1","Hershey Truffle Chocolate 50% (100g)",103,10
1,"Chocolate Store 1","Lindt Milk Chocolate 80% (200g)",103,10
1,"Chocolate Store 1","Godiva Dark Chocolate 70% (200g)",101,12
1,"Chocolate Store 1","Godiva Truffle Chocolate 70% (100g) [ID:191]",101,12
1,"Chocolate Store 1","Godiva Truffle Chocolate 80% (200g)",101,12
1,"Chocolate Store 1","Hershey White Chocolate 50% (100g)",100,15
1,"Chocolate Store 1","Cadbury Dark Chocolate 60% (200g) [ID:91]",97,16
1,"Chocolate Store 1","Cadbury Dark Chocolate 80% (200g)",97,16
1,"Chocolate Store 1","Cadbury White Chocolate 70% (100g)",97,16
1,"Chocolate Store 1","Ferrero Praline Chocolate 70% (100g)",97,16
1,"Chocolate Store 1","Ferrero White Chocolate 50% (100g)",97,16
1,"Chocolate Store 1","Hershey Milk Chocolate 50% (100g)",97,16
1,"Chocolate Store 1","Lindt Dark Chocolate 80% (120g)",97,16
1,"Chocolate Store 1","Ferrero Dark Chocolate 50% (200g) [ID:94]",96,23
1,"Chocolate Store 1","Hershey Dark Chocolate 80% (80g)",95,24
1,"Chocolate Store 1","Hershey White Chocolate 80% (50g)",95,24
1,"Chocolate Store 1","Cadbury Dark Chocolate 60% (200g) [ID:156]",94,26
1,"Chocolate Store 1","Ferrero Milk Chocolate 60% (100g)",94,26
1,"Chocolate Store 1","Ferrero Truffle Chocolate 50% (200g)",94,26
1,"Chocolate Store 1","Ferrero Truffle Chocolate 80% (120g)",94,26
1,"Chocolate Store 1","Godiva White Chocolate 90% (100g)",94,26
1,"Chocolate Store 1","Cadbury Praline Chocolate 50% (50g)",93,31
1,"Chocolate Store 1","Hershey Milk Chocolate 70% (200g)",93,31
1,"Chocolate Store 1","Cadbury Dark Chocolate 70% (100g) [ID:2]",92,33
1,"Chocolate Store 1","Lindt Truffle Chocolate 80% (100g)",90,34
1,"Chocolate Store 1","Mars Truffle Chocolate 80% (120g)",90,34
1,"Chocolate Store 1","Cadbury Milk Chocolate 70% (100g)",89,36
1,"Chocolate Store 1","Hershey Dark Chocolate 90% (80g)",89,36
1,"Chocolate Store 1","Lindt White Chocolate 70% (120g)",89,36
1,"Chocolate Store 1","Mars Milk Chocolate 50% (80g) [ID:4]",89,36
1,"Chocolate Store 1","Cadbury Milk Chocolate 60% (50g)",87,40
1,"Chocolate Store 1","Cadbury Praline Chocolate 80% (100g)",87,40
1,"Chocolate Store 1","Godiva Milk Chocolate 50% (100g)",87,40
1,"Chocolate Store 1","Godiva White Chocolate 80% (80g)",87,40
1,"Chocolate Store 1","Lindt Praline Chocolate 90% (120g) [ID:30]",87,40
1,"Chocolate Store 1","Cadbury White Chocolate 70% (50g)",86,45
1,"Chocolate Store 1","Godiva Praline Chocolate 50% (120g)",86,45
1,"Chocolate Store 1","Lindt Praline Chocolate 70% (200g)",86,45
1,"Chocolate Store 1","Lindt Truffle Chocolate 80% (50g)",86,45
1,"Chocolate Store 1","Mars White Chocolate 60% (200g)",86,45
1,"Chocolate Store 1","Cadbury White Chocolate 50% (200g)",85,50
1,"Chocolate Store 1","Cadbury White Chocolate 90% (120g) [ID:195]",85,50
1,"Chocolate Store 1","Cadbury White Chocolate 90% (80g)",85,50
1,"Chocolate Store 1","Ferrero White Chocolate 90% (100g)",85,50
1,"Chocolate Store 1","Hershey Milk Chocolate 90% (50g)",85,50
1,"Chocolate Store 1","Lindt Milk Chocolate 60% (100g) [ID:55]",85,50
1,"Chocolate Store 1","Mars Milk Chocolate 80% (100g)",85,50
1,"Chocolate Store 1","Godiva Dark Chocolate 90% (120g)",84,57
1,"Chocolate Store 1","Lindt Dark Chocolate 80% (100g)",84,57
1,"Chocolate Store 1","Mars White Chocolate 60% (80g)",84,57
1,"Chocolate Store 1","Cadbury Milk Chocolate 70% (80g)",83,60
1,"Chocolate Store 1","Godiva Dark Chocolate 60% (50g)",83,60
1,"Chocolate Store 1","Godiva White Chocolate 90% (50g)",83,60
1,"Chocolate Store 1","Mars Praline Chocolate 90% (80g)",83,60
1,"Chocolate Store 1","Cadbury Dark Chocolate 50% (80g)",82,64
1,"Chocolate Store 1","Ferrero Milk Chocolate 70% (200g)",82,64
1,"Chocolate Store 1","Godiva Praline Chocolate 70% (200g)",82,64
1,"Chocolate Store 1","Hershey Truffle Chocolate 80% (80g)",82,64
1,"Chocolate Store 1","Lindt Truffle Chocolate 80% (120g)",82,64
1,"Chocolate Store 1","Cadbury Dark Chocolate 50% (50g) [ID:102]",81,69
1,"Chocolate Store 1","Mars Dark Chocolate 50% (50g) [ID:117]",81,69
1,"Chocolate Store 1","Mars Milk Chocolate 90% (100g)",81,69
1,"Chocolate Store 1","Mars Milk Chocolate 90% (80g)",81,69
1,"Chocolate Store 1","Ferrero White Chocolate 90% (200g)",80,73
1,"Chocolate Store 1","Godiva Truffle Chocolate 50% (50g)",80,73
1,"Chocolate Store 1","Hershey Milk Chocolate 50% (50g)",80,73
1,"Chocolate Store 1","Lindt Dark Chocolate 70% (50g)",80,73
1,"Chocolate Store 1","Mars White Chocolate 80% (120g)",80,73
1,"Chocolate Store 1","Ferrero Praline Chocolate 60% (50g) [ID:50]",79,78
1,"Chocolate Store 1","Godiva White Chocolate 80% (200g)",79,78
1,"Chocolate Store 1","Ferrero Praline Chocolate 90% (80g)",78,80
1,"Chocolate Store 1","Ferrero Truffle Chocolate 50% (50g)",78,80
1,"Chocolate Store 1","Godiva White Chocolate 50% (80g)",78,80
1,"Chocolate Store 1","Lindt Dark Chocolate 60% (100g)",78,80
1,"Chocolate Store 1","Lindt Praline Chocolate 90% (120g) [ID:25]",78,80
1,"Chocolate Store 1","Ferrero Milk Chocolate 60% (50g)",77,85
1,"Chocolate Store 1","Hershey White Chocolate 90% (120g)",77,85
1,"Chocolate Store 1","Lindt Dark Chocolate 50% (200g)",77,85
1,"Chocolate Store 1","Cadbury White Chocolate 50% (100g)",76,88
1,"Chocolate Store 1","Godiva Truffle Chocolate 90% (200g)",76,88
1,"Chocolate Store 1","Godiva White Chocolate 80% (50g)",76,88
1,"Chocolate Store 1","Hershey Praline Chocolate 50% (80g)",76,88
1,"Chocolate Store 1","Lindt White Chocolate 90% (100g)",76,88
1,"Chocolate Store 1","Mars Truffle Chocolate 80% (50g)",76,88
1,"Chocolate Store 1","Mars White Chocolate 50% (120g)",76,88
1,"Chocolate Store 1","Cadbury Truffle Chocolate 70% (200g)",75,95
1,"Chocolate Store 1","Godiva White Chocolate 70% (50g)",75,95
1,"Chocolate Store 1","Lindt Truffle Chocolate 60% (50g)",75,95
1,"Chocolate Store 1","Godiva Truffle Chocolate 70% (100g) [ID:159]",74,98
1,"Chocolate Store 1","Hershey Praline Chocolate 90% (100g)",74,98
1,"Chocolate Store 1","Mars Praline Chocolate 80% (120g)",74,98
1,"Chocolate Store 1","Godiva Dark Chocolate 50% (100g)",73,101
1,"Chocolate Store 1","Godiva Praline Chocolate 70% (50g)",73,101
1,"Chocolate Store 1","Godiva White Chocolate 70% (120g)",73,101
1,"Chocolate Store 1","Hershey Truffle Chocolate 60% (120g)",73,101
1,"Chocolate Store 1","Lindt Dark Chocolate 50% (50g)",73,101
1,"Chocolate Store 1","Lindt Truffle Chocolate 80% (200g)",73,101
1,"Chocolate Store 1","Mars Praline Chocolate 60% (120g)",73,101
1,"Chocolate Store 1","Cadbury Milk Chocolate 90% (80g)",72,108
1,"Chocolate Store 1","Cadbury Praline Chocolate 70% (100g)",72,108
1,"Chocolate Store 1","Ferrero Praline Chocolate 60% (50g) [ID:161]",72,108
1,"Chocolate Store 1","Ferrero Truffle Chocolate 90% (100g)",72,108
1,"Chocolate Store 1","Hershey Truffle Chocolate 70% (120g)",72,108
1,"Chocolate Store 1","Hershey White Chocolate 50% (200g)",72,108
1,"Chocolate Store 1","Lindt Milk Chocolate 80% (80g)",72,108
1,"Chocolate Store 1","Mars Truffle Chocolate 50% (200g)",72,108
1,"Chocolate Store 1","Cadbury Truffle Chocolate 90% (80g) [ID:57]",71,116
1,"Chocolate Store 1","Hershey Dark Chocolate 70% (80g)",71,116
1,"Chocolate Store 1","Lindt White Chocolate 70% (200g)",71,116
1,"Chocolate Store 1","Mars White Chocolate 60% (100g)",71,116
1,"Chocolate Store 1","Ferrero White Chocolate 70% (50g)",70,120
1,"Chocolate Store 1","Godiva Milk Chocolate 70% (120g)",70,120
1,"Chocolate Store 1","Cadbury Praline Chocolate 70% (120g)",69,122
1,"Chocolate Store 1","Ferrero Praline Chocolate 50% (50g)",69,122
1,"Chocolate Store 1","Hershey White Chocolate 70% (200g)",69,122
1,"Chocolate Store 1","Lindt Milk Chocolate 60% (50g)",69,122
1,"Chocolate Store 1","Ferrero Dark Chocolate 60% (50g)",68,126
1,"Chocolate Store 1","Ferrero Praline Chocolate 50% (80g)",68,126
1,"Chocolate Store 1","Hershey Truffle Chocolate 80% (50g)",68,126
1,"Chocolate Store 1","Hershey White Chocolate 50% (120g)",68,126
1,"Chocolate Store 1","Mars Milk Chocolate 70% (120g)",68,126
1,"Chocolate Store 1","Cadbury Truffle Chocolate 90% (100g)",67,131
1,"Chocolate Store 1","Ferrero Milk Chocolate 70% (100g)",67,131
1,"Chocolate Store 1","Ferrero Truffle Chocolate 90% (50g)",67,131
1,"Chocolate Store 1","Godiva Truffle Chocolate 70% (200g)",67,131
1,"Chocolate Store 1","Lindt Praline Chocolate 90% (100g)",67,131
1,"Chocolate Store 1","Godiva Truffle Chocolate 80% (100g)",66,136
1,"Chocolate Store 1","Hershey Truffle Chocolate 90% (120g)",66,136
1,"Chocolate Store 1","Lindt Milk Chocolate 60% (80g)",66,136
1,"Chocolate Store 1","Mars Dark Chocolate 90% (50g)",66,136
1,"Chocolate Store 1","Cadbury Praline Chocolate 50% (120g)",65,140
1,"Chocolate Store 1","Ferrero Dark Chocolate 70% (50g)",65,140
1,"Chocolate Store 1","Lindt Dark Chocolate 50% (120g)",65,140
1,"Chocolate Store 1","Mars Milk Chocolate 80% (120g)",65,140
1,"Chocolate Store 1","Mars Truffle Chocolate 80% (200g)",65,140
1,"Chocolate Store 1","Ferrero Dark Chocolate 50% (200g) [ID:64]",64,145
1,"Chocolate Store 1","Ferrero Milk Chocolate 50% (200g)",64,145
1,"Chocolate Store 1","Godiva Milk Chocolate 80% (50g) [ID:97]",64,145
1,"Chocolate Store 1","Hershey Praline Chocolate 80% (200g)",64,145
1,"Chocolate Store 1","Mars Dark Chocolate 70% (50g)",64,145
1,"Chocolate Store 1","Ferrero Praline Chocolate 50% (100g) [ID:103]",63,150
1,"Chocolate Store 1","Ferrero Truffle Chocolate 50% (100g)",63,150
1,"Chocolate Store 1","Godiva Truffle Chocolate 60% (100g)",63,150
1,"Chocolate Store 1","Cadbury Dark Chocolate 60% (100g)",62,153
1,"Chocolate Store 1","Hershey Milk Chocolate 90% (80g)",62,153
1,"Chocolate Store 1","Lindt White Chocolate 80% (120g)",62,153
1,"Chocolate Store 1","Mars White Chocolate 60% (50g) [ID:76]",62,153
1,"Chocolate Store 1","Ferrero Praline Chocolate 70% (200g)",61,157
1,"Chocolate Store 1","Lindt Truffle Chocolate 90% (200g)",61,157
1,"Chocolate Store 1","Mars Truffle Chocolate 70% (200g)",61,157
1,"Chocolate Store 1","Cadbury Dark Chocolate 50% (120g)",60,160
1,"Chocolate Store 1","Cadbury Truffle Chocolate 80% (120g)",60,160
1,"Chocolate Store 1","Cadbury White Chocolate 90% (120g) [ID:69]",59,162
1,"Chocolate Store 1","Lindt Milk Chocolate 90% (100g)",59,162
1,"Chocolate Store 1","Cadbury Dark Chocolate 50% (50g) [ID:21]",58,164
1,"Chocolate Store 1","Cadbury Dark Chocolate 60% (120g)",58,164
1,"Chocolate Store 1","Ferrero White Chocolate 80% (80g) [ID:65]",58,164
1,"Chocolate Store 1","Ferrero White Chocolate 80% (80g) [ID:66]",58,164
1,"Chocolate Store 1","Godiva Praline Chocolate 50% (80g)",58,164
1,"Chocolate Store 1","Hershey Milk Chocolate 70% (50g)",58,164
1,"Chocolate Store 1","Lindt Milk Chocolate 70% (200g) [ID:190]",58,164
1,"Chocolate Store 1","Lindt Truffle Chocolate 90% (50g)",58,164
1,"Chocolate Store 1","Godiva Milk Chocolate 80% (50g) [ID:45]",57,172
1,"Chocolate Store 1","Mars Praline Chocolate 70% (50g)",57,172
1,"Chocolate Store 1","Godiva White Chocolate 60% (100g)",56,174
1,"Chocolate Store 1","Lindt Milk Chocolate 60% (100g) [ID:29]",56,174
1,"Chocolate Store 1","Cadbury Truffle Chocolate 70% (100g)",55,176
1,"Chocolate Store 1","Cadbury White Chocolate 80% (50g)",54,177
1,"Chocolate Store 1","Ferrero Dark Chocolate 50% (50g)",54,177
1,"Chocolate Store 1","Lindt Dark Chocolate 90% (100g)",54,177
1,"Chocolate Store 1","Mars Dark Chocolate 90% (200g)",54,177
1,"Chocolate Store 1","Godiva Praline Chocolate 80% (120g)",53,181
1,"Chocolate Store 1","Mars Dark Chocolate 80% (50g)",53,181
1,"Chocolate Store 1","Cadbury Dark Chocolate 70% (100g) [ID:23]",52,183
1,"Chocolate Store 1","Cadbury Truffle Chocolate 90% (80g) [ID:129]",52,183
1,"Chocolate Store 1","Ferrero White Chocolate 50% (80g)",52,183
1,"Chocolate Store 1","Hershey Praline Chocolate 70% (200g)",52,183
1,"Chocolate Store 1","Ferrero Praline Chocolate 60% (120g)",51,187
1,"Chocolate Store 1","Hershey Dark Chocolate 50% (120g)",51,187
1,"Chocolate Store 1","Lindt Dark Chocolate 60% (50g)",51,187
1,"Chocolate Store 1","Cadbury Praline Chocolate 90% (50g)",50,190
1,"Chocolate Store 1","Hershey Milk Chocolate 70% (100g)",50,190
1,"Chocolate Store 1","Lindt Milk Chocolate 70% (200g) [ID:152]",49,192
1,"Chocolate Store 1","Cadbury Milk Chocolate 50% (100g)",46,193
1,"Chocolate Store 1","Mars Dark Chocolate 60% (120g)",45,194
1,"Chocolate Store 1","Mars White Chocolate 50% (50g)",45,194
1,"Chocolate Store 1","Mars White Chocolate 60% (50g) [ID:121]",45,194
1,"Chocolate Store 1","Ferrero Praline Chocolate 50% (120g)",43,197
1,"Chocolate Store 1","Lindt Milk Chocolate 50% (50g)",38,198
1,"Chocolate Store 1","Mars Milk Chocolate 50% (80g) [ID:73]",36,199
1,"Chocolate Store 1","Ferrero Truffle Chocolate 50% (80g)",30,200
2,"Chocolate Store 2","Mars Milk Chocolate 50% (80g) [ID:4]",127,1
2,"Chocolate Store 2","Mars Dark Chocolate 90% (80g)",116,2
2,"Chocolate Store 2","Ferrero Dark Chocolate 50% (200g) [ID:64]",115,3
2,"Chocolate Store 2","Lindt Dark Chocolate 50% (120g)",111,4
2,"Chocolate Store 2","Ferrero White Chocolate 80% (80g) [ID:65]",110,5
2,"Chocolate Store 2","Mars White Chocolate 80% (120g)",108,6
2,"Chocolate Store 2","Hershey Praline Chocolate 70% (200g)",106,7
2,"Chocolate Store 2","Mars White Chocolate 50% (50g)",106,7
2,"Chocolate Store 2","Lindt White Chocolate 70% (120g)",105,9
2,"Chocolate Store 2","Ferrero Dark Chocolate 90% (80g)",104,10
2,"Chocolate Store 2","Hershey Dark Chocolate 90% (80g)",104,10
2,"Chocolate Store 2","Cadbury Praline Chocolate 80% (100g)",103,12
2,"Chocolate Store 2","Godiva White Chocolate 50% (80g)",103,12
2,"Chocolate Store 2","Lindt Milk Chocolate 60% (50g)",103,12
2,"Chocolate Store 2","Ferrero Truffle Chocolate 80% (120g)",101,15
2,"Chocolate Store 2","Ferrero Truffle Chocolate 90% (100g)",101,15
2,"Chocolate Store 2","Cadbury Dark Chocolate 70% (100g) [ID:2]",100,17
2,"Chocolate Store 2","Cadbury Milk Chocolate 70% (80g)",100,17
2,"Chocolate Store 2","Lindt Praline Chocolate 70% (200g)",100,17
2,"Chocolate Store 2","Godiva Truffle Chocolate 50% (50g)",99,20
2,"Chocolate Store 2","Cadbury Dark Chocolate 80% (200g)",98,21
2,"Chocolate Store 2","Cadbury Milk Chocolate 50% (100g)",98,21
2,"Chocolate Store 2","Cadbury Praline Chocolate 70% (100g)",98,21
2,"Chocolate Store 2","Godiva White Chocolate 70% (120g)",98,21
2,"Chocolate Store 2","Lindt Truffle Chocolate 80% (120g)",98,21
2,"Chocolate Store 2","Ferrero Truffle Chocolate 90% (50g)",94,26
2,"Chocolate Store 2","Lindt Milk Chocolate 90% (100g)",94,26
2,"Chocolate Store 2","Cadbury White Chocolate 90% (80g)",93,28
2,"Chocolate Store 2","Ferrero Dark Chocolate 70% (100g)",93,28
2,"Chocolate Store 2","Cadbury Dark Chocolate 60% (100g)",92,30
2,"Chocolate Store 2","Lindt Truffle Chocolate 50% (200g)",91,31
2,"Chocolate Store 2","Cadbury Praline Chocolate 90% (50g)",90,32
2,"Chocolate Store 2","Godiva Milk Chocolate 70% (120g)",90,32
2,"Chocolate Store 2","Lindt Milk Chocolate 60% (100g) [ID:29]",90,32
2,"Chocolate Store 2","Mars Milk Chocolate 50% (80g) [ID:73]",90,32
2,"Chocolate Store 2","Mars Praline Chocolate 90% (80g)",90,32
2,"Chocolate Store 2","Godiva White Chocolate 90% (100g)",89,37
2,"Chocolate Store 2","Lindt Milk Chocolate 80% (80g)",89,37
2,"Chocolate Store 2","Mars White Chocolate 60% (50g) [ID:121]",89,37
2,"Chocolate Store 2","Cadbury Dark Chocolate 60% (200g) [ID:156]",87,40
2,"Chocolate Store 2","Cadbury Truffle Chocolate 80% (120g)",87,40
2,"Chocolate Store 2","Godiva Dark Chocolate 50% (100g)",87,40
2,"Chocolate Store 2","Godiva White Chocolate 80% (80g)",87,40
2,"Chocolate Store 2","Hershey Milk Chocolate 70% (100g)",87,40
2,"Chocolate Store 2","Hershey Milk Chocolate 70% (50g)",87,40
2,"Chocolate Store 2","Hershey Truffle Chocolate 80% (50g)",87,40
2,"Chocolate Store 2","Hershey Truffle Chocolate 80% (80g)",87,40
2,"Chocolate Store 2","Godiva White Chocolate 80% (50g)",85,48
2,"Chocolate Store 2","Hershey Milk Chocolate 90% (80g)",85,48
2,"Chocolate Store 2","Cadbury White Chocolate 70% (50g)",84,50
2,"Chocolate Store 2","Ferrero Praline Chocolate 50% (100g) [ID:103]",83,51
2,"Chocolate Store 2","Godiva Praline Chocolate 80% (120g)",83,51
2,"Chocolate Store 2","Hershey Dark Chocolate 80% (80g)",83,51
2,"Chocolate Store 2","Mars Milk Chocolate 70% (120g)",83,51
2,"Chocolate Store 2","Cadbury Truffle Chocolate 90% (80g) [ID:57]",82,55
2,"Chocolate Store 2","Ferrero Truffle Chocolate 50% (50g)",82,55
2,"Chocolate Store 2","Hershey Dark Chocolate 50% (120g)",82,55
2,"Chocolate Store 2","Lindt Milk Chocolate 50% (50g)",82,55
2,"Chocolate Store 2","Godiva White Chocolate 80% (200g)",81,59
2,"Chocolate Store 2","Mars Dark Chocolate 80% (50g)",81,59
2,"Chocolate Store 2","Ferrero Praline Chocolate 50% (120g)",80,61
2,"Chocolate Store 2","Ferrero Praline Chocolate 60% (50g) [ID:161]",80,61
2,"Chocolate Store 2","Hershey Truffle Chocolate 60% (120g)",80,61
2,"Chocolate Store 2","Lindt Milk Chocolate 80% (200g)",80,61
2,"Chocolate Store 2","Cadbury Dark Chocolate 60% (120g)",79,65
2,"Chocolate Store 2","Cadbury Praline Chocolate 50% (50g)",79,65
2,"Chocolate Store 2","Mars Dark Chocolate 50% (50g) [ID:117]",79,65
2,"Chocolate Store 2","Cadbury Truffle Chocolate 90% (100g)",78,68
2,"Chocolate Store 2","Ferrero Milk Chocolate 70% (200g)",78,68
2,"Chocolate Store 2","Godiva Truffle Chocolate 70% (100g) [ID:159]",78,68
2,"Chocolate Store 2","Mars Milk Chocolate 90% (80g)",78,68
2,"Chocolate Store 2","Cadbury Milk Chocolate 60% (50g)",77,72
2,"Chocolate Store 2","Cadbury Truffle Chocolate 70% (100g)",77,72
2,"Chocolate Store 2","Cadbury White Chocolate 80% (50g)",77,72
2,"Chocolate Store 2","Ferrero Praline Chocolate 50% (50g)",77,72
2,"Chocolate Store 2","Godiva White Chocolate 90% (50g)",77,72
2,"Chocolate Store 2","Hershey White Chocolate 50% (100g)",77,72
2,"Chocolate Store 2","Hershey White Chocolate 80% (50g)",77,72
2,"Chocolate Store 2","Lindt Truffle Chocolate 90% (50g)",77,72
2,"Chocolate Store 2","Mars Dark Chocolate 60% (120g)",77,72
2,"Chocolate Store 2","Mars Dark Chocolate 90% (200g)",77,72
2,"Chocolate Store 2","Mars Truffle Chocolate 80% (50g)",77,72
2,"Chocolate Store 2","Lindt Dark Chocolate 60% (50g)",76,83
2,"Chocolate Store 2","Cadbury Dark Chocolate 50% (50g) [ID:21]",75,84
2,"Chocolate Store 2","Ferrero Milk Chocolate 60% (50g)",75,84
2,"Chocolate Store 2","Hershey Milk Chocolate 50% (50g)",75,84
2,"Chocolate Store 2","Cadbury Dark Chocolate 50% (50g) [ID:102]",74,87
2,"Chocolate Store 2","Lindt Dark Chocolate 50% (50g)",74,87
2,"Chocolate Store 2","Mars Truffle Chocolate 50% (200g)",74,87
2,"Chocolate Store 2","Cadbury Dark Chocolate 50% (120g)",73,90
2,"Chocolate Store 2","Ferrero Praline Chocolate 70% (100g)",73,90
2,"Chocolate Store 2","Godiva Praline Chocolate 70% (50g)",73,90
2,"Chocolate Store 2","Godiva Truffle Chocolate 90% (200g)",73,90
2,"Chocolate Store 2","Hershey Truffle Chocolate 70% (120g)",73,90
2,"Chocolate Store 2","Lindt Milk Chocolate 60% (80g)",73,90
2,"Chocolate Store 2","Mars White Chocolate 60% (80g)",72,96
2,"Chocolate Store 2","Cadbury Dark Chocolate 90% (100g)",71,97
2,"Chocolate Store 2","Ferrero Truffle Chocolate 50% (80g)",71,97
2,"Chocolate Store 2","Godiva Praline Chocolate 70% (200g)",71,97
2,"Chocolate Store 2","Hershey Truffle Chocolate 50% (100g)",71,97
2,"Chocolate Store 2","Hershey White Chocolate 50% (200g)",71,97
2,"Chocolate Store 2","Lindt Dark Chocolate 80% (100g)",71,97
2,"Chocolate Store 2","Lindt Dark Chocolate 80% (120g)",71,97
2,"Chocolate Store 2","Lindt Dark Chocolate 90% (100g)",71,97
2,"Chocolate Store 2","Lindt Truffle Chocolate 80% (200g)",71,97
2,"Chocolate Store 2","Lindt White Chocolate 80% (120g)",71,97
2,"Chocolate Store 2","Cadbury Milk Chocolate 70% (100g)",70,107
2,"Chocolate Store 2","Hershey Milk Chocolate 50% (100g)",70,107
2,"Chocolate Store 2","Mars Dark Chocolate 50% (50g) [ID:171]",70,107
2,"Chocolate Store 2","Mars Truffle Chocolate 80% (120g)",70,107
2,"Chocolate Store 2","Cadbury White Chocolate 50% (200g)",69,111
2,"Chocolate Store 2","Godiva Milk Chocolate 80% (50g) [ID:45]",69,111
2,"Chocolate Store 2","Godiva Praline Chocolate 50% (80g)",69,111
2,"Chocolate Store 2","Godiva White Chocolate 70% (50g)",69,111
2,"Chocolate Store 2","Lindt Dark Chocolate 50% (200g)",69,111
2,"Chocolate Store 2","Mars Praline Chocolate 80% (120g)",69,111
2,"Chocolate Store 2","Cadbury Praline Chocolate 50% (120g)",68,117
2,"Chocolate Store 2","Cadbury White Chocolate 50% (100g)",68,117
2,"Chocolate Store 2","Ferrero Dark Chocolate 50% (200g) [ID:94]",68,117
2,"Chocolate Store 2","Ferrero Dark Chocolate 50% (50g)",68,117
2,"Chocolate Store 2","Ferrero White Chocolate 90% (200g)",68,117
2,"Chocolate Store 2","Godiva Truffle Chocolate 60% (100g)",68,117
2,"Chocolate Store 2","Hershey Praline Chocolate 50% (200g)",68,117
2,"Chocolate Store 2","Hershey Praline Chocolate 90% (100g)",68,117
2,"Chocolate Store 2","Hershey White Chocolate 50% (120g)",68,117
2,"Chocolate Store 2","Godiva Dark Chocolate 70% (200g)",67,126
2,"Chocolate Store 2","Mars Praline Chocolate 70% (50g)",67,126
2,"Chocolate Store 2","Cadbury Truffle Chocolate 90% (80g) [ID:129]",66,128
2,"Chocolate Store 2","Ferrero Milk Chocolate 60% (100g)",66,128
2,"Chocolate Store 2","Hershey Dark Chocolate 70% (80g)",66,128
2,"Chocolate Store 2","Lindt Truffle Chocolate 90% (200g)",66,128
2,"Chocolate Store 2","Mars White Chocolate 60% (50g) [ID:76]",66,128
2,"Chocolate Store 2","Godiva Milk Chocolate 80% (50g) [ID:97]",65,133
2,"Chocolate Store 2","Hershey Praline Chocolate 80% (200g)",65,133
2,"Chocolate Store 2","Lindt Dark Chocolate 60% (100g)",65,133
2,"Chocolate Store 2","Mars Truffle Chocolate 80% (200g)",65,133
2,"Chocolate Store 2","Mars White Chocolate 50% (120g)",65,133
2,"Chocolate Store 2","Ferrero White Chocolate 90% (100g)",64,138
2,"Chocolate Store 2","Lindt Milk Chocolate 60% (100g) [ID:55]",64,138
2,"Chocolate Store 2","Lindt Praline Chocolate 90% (120g) [ID:25]",64,138
2,"Chocolate Store 2","Ferrero Milk Chocolate 70% (100g)",63,141
2,"Chocolate Store 2","Ferrero White Chocolate 50% (80g)",63,141
2,"Chocolate Store 2","Cadbury White Chocolate 90% (120g) [ID:195]",62,143
2,"Chocolate Store 2","Hershey Praline Chocolate 50% (80g)",62,143
2,"Chocolate Store 2","Lindt Dark Chocolate 70% (50g)",62,143
2,"Chocolate Store 2","Lindt Milk Chocolate 70% (200g) [ID:152]",62,143
2,"Chocolate Store 2","Lindt White Chocolate 70% (200g)",62,143
2,"Chocolate Store 2","Cadbury Dark Chocolate 50% (80g)",61,148
2,"Chocolate Store 2","Godiva Truffle Chocolate 80% (200g)",61,148
2,"Chocolate Store 2","Mars White Chocolate 60% (100g)",61,148
2,"Chocolate Store 2","Ferrero Truffle Chocolate 50% (200g)",60,151
2,"Chocolate Store 2","Godiva Truffle Chocolate 70% (100g) [ID:191]",60,151
2,"Chocolate Store 2","Cadbury Praline Chocolate 70% (120g)",59,153
2,"Chocolate Store 2","Godiva Dark Chocolate 60% (50g)",59,153
2,"Chocolate Store 2","Godiva Dark Chocolate 90% (120g)",59,153
2,"Chocolate Store 2","Lindt Milk Chocolate 70% (200g) [ID:190]",59,153
2,"Chocolate Store 2","Lindt Truffle Chocolate 80% (100g)",59,153
2,"Chocolate Store 2","Mars Dark Chocolate 60% (80g)",59,153
2,"Chocolate Store 2","Ferrero Dark Chocolate 60% (50g)",58,159
2,"Chocolate Store 2","Ferrero Praline Chocolate 50% (100g) [ID:177]",58,159
2,"Chocolate Store 2","Ferrero Praline Chocolate 60% (120g)",58,159
2,"Chocolate Store 2","Ferrero White Chocolate 70% (50g)",58,159
2,"Chocolate Store 2","Godiva Praline Chocolate 50% (120g)",58,159
2,"Chocolate Store 2","Godiva White Chocolate 60% (100g)",58,159
2,"Chocolate Store 2","Mars Milk Chocolate 80% (120g)",58,159
2,"Chocolate Store 2","Mars Truffle Chocolate 70% (200g)",58,159
2,"Chocolate Store 2","Cadbury Milk Chocolate 90% (80g)",57,167
2,"Chocolate Store 2","Hershey White Chocolate 70% (200g)",57,167
2,"Chocolate Store 2","Mars Dark Chocolate 70% (50g)",57,167
2,"Chocolate Store 2","Ferrero Praline Chocolate 60% (50g) [ID:50]",56,170
2,"Chocolate Store 2","Hershey Milk Chocolate 70% (200g)",56,170
2,"Chocolate Store 2","Lindt Praline Chocolate 90% (100g)",56,170
2,"Chocolate Store 2","Cadbury White Chocolate 70% (100g)",55,173
2,"Chocolate Store 2","Ferrero White Chocolate 50% (100g)",55,173
2,"Chocolate Store 2","Godiva Truffle Chocolate 80% (100g)",54,175
2,"Chocolate Store 2","Ferrero Milk Chocolate 50% (200g)",52,176
2,"Chocolate Store 2","Lindt Truffle Chocolate 60% (50g)",52,176
2,"Chocolate Store 2","Ferrero Praline Chocolate 50% (80g)",51,178
2,"Chocolate Store 2","Lindt Truffle Chocolate 80% (50g)",51,178
2,"Chocolate Store 2","Mars White Chocolate 60% (200g)",51,178
2,"Chocolate Store 2","Cadbury Dark Chocolate 60% (200g) [ID:91]",50,181
2,"Chocolate Store 2","Ferrero Dark Chocolate 70% (50g)",50,181
2,"Chocolate Store 2","Ferrero White Chocolate 80% (80g) [ID:66]",50,181
2,"Chocolate Store 2","Cadbury White Chocolate 90% (120g) [ID:69]",49,184
2,"Chocolate Store 2","Ferrero Praline Chocolate 70% (200g)",49,184
2,"Chocolate Store 2","Mars Milk Chocolate 80% (100g)",49,184
2,"Chocolate Store 2","Ferrero Praline Chocolate 90% (80g)",48,187
2,"Chocolate Store 2","Hershey White Chocolate 90% (120g)",48,187
2,"Chocolate Store 2","Ferrero Truffle Chocolate 50% (100g)",47,189
2,"Chocolate Store 2","Godiva Milk Chocolate 50% (100g)",47,189
2,"Chocolate Store 2","Mars Milk Chocolate 90% (100g)",47,189
2,"Chocolate Store 2","Lindt Praline Chocolate 90% (120g) [ID:30]",45,192
2,"Chocolate Store 2","Mars Dark Chocolate 90% (50g)",45,192
2,"Chocolate Store 2","Hershey Milk Chocolate 90% (50g)",44,194
2,"Chocolate Store 2","Mars Praline Chocolate 60% (120g)",43,195
2,"Chocolate Store 2","Cadbury Truffle Chocolate 70% (200g)",42,196
2,"Chocolate Store 2","Godiva Truffle Chocolate 70% (200g)",42,196
2,"Chocolate Store 2","Hershey Truffle Chocolate 90% (120g)",39,198
2,"Chocolate Store 2","Cadbury Dark Chocolate 70% (100g) [ID:23]",35,199
2,"Chocolate Store 2","Lindt White Chocolate 90% (100g)",30,200
3,"Chocolate Store 3","Lindt Milk Chocolate 60% (50g)",142,1
3,"Chocolate Store 3","Ferrero Truffle Chocolate 50% (100g)",114,2
3,"Chocolate Store 3","Godiva Truffle Chocolate 70% (100g) [ID:159]",108,3
3,"Chocolate Store 3","Cadbury Milk Chocolate 50% (100g)",107,4
3,"Chocolate Store 3","Godiva Milk Chocolate 70% (120g)",106,5
3,"Chocolate Store 3","Godiva Truffle Chocolate 70% (100g) [ID:191]",106,5
3,"Chocolate Store 3","Godiva Truffle Chocolate 70% (200g)",106,5
3,"Chocolate Store 3","Ferrero Truffle Chocolate 50% (200g)",105,8
3,"Chocolate Store 3","Hershey Milk Chocolate 50% (50g)",105,8
3,"Chocolate Store 3","Lindt Dark Chocolate 50% (120g)",104,10
3,"Chocolate Store 3","Lindt Dark Chocolate 60% (50g)",104,10
3,"Chocolate Store 3","Godiva Dark Chocolate 70% (200g)",103,12
3,"Chocolate Store 3","Hershey Milk Chocolate 70% (100g)",103,12
3,"Chocolate Store 3","Ferrero Praline Chocolate 70% (100g)",102,14
3,"Chocolate Store 3","Cadbury Truffle Chocolate 80% (120g)",101,15
3,"Chocolate Store 3","Godiva Truffle Chocolate 80% (100g)",100,16
3,"Chocolate Store 3","Hershey Milk Chocolate 50% (100g)",100,16
3,"Chocolate Store 3","Cadbury White Chocolate 90% (80g)",98,18
3,"Chocolate Store 3","Hershey Milk Chocolate 70% (200g)",96,19
3,"Chocolate Store 3","Hershey Milk Chocolate 90% (50g)",96,19
3,"Chocolate Store 3","Lindt Praline Chocolate 70% (200g)",95,21
3,"Chocolate Store 3","Mars Dark Chocolate 50% (50g) [ID:117]",95,21
3,"Chocolate Store 3","Ferrero Praline Chocolate 50% (120g)",94,23
3,"Chocolate Store 3","Ferrero Dark Chocolate 90% (80g)",93,24
3,"Chocolate Store 3","Ferrero Praline Chocolate 50% (100g) [ID:177]",93,24
3,"Chocolate Store 3","Ferrero Praline Chocolate 50% (50g)",93,24
3,"Chocolate Store 3","Ferrero Praline Chocolate 90% (80g)",93,24
3,"Chocolate Store 3","Godiva White Chocolate 70% (50g)",93,24
3,"Chocolate Store 3","Lindt Truffle Chocolate 90% (50g)",93,24
3,"Chocolate Store 3","Cadbury Milk Chocolate 60% (50g)",91,30
3,"Chocolate Store 3","Lindt Truffle Chocolate 60% (50g)",91,30
3,"Chocolate Store 3","Mars Milk Chocolate 80% (120g)",91,30
3,"Chocolate Store 3","Hershey White Chocolate 80% (50g)",90,33
3,"Chocolate Store 3","Ferrero Dark Chocolate 50% (50g)",89,34
3,"Chocolate Store 3","Godiva Praline Chocolate 80% (120g)",88,35
3,"Chocolate Store 3","Mars Milk Chocolate 90% (80g)",88,35
3,"Chocolate Store 3","Cadbury Milk Chocolate 70% (100g)",87,37
3,"Chocolate Store 3","Godiva Truffle Chocolate 90% (200g)",87,37
3,"Chocolate Store 3","Cadbury Dark Chocolate 60% (200g) [ID:156]",86,39
3,"Chocolate Store 3","Ferrero Praline Chocolate 60% (50g) [ID:50]",86,39
3,"Chocolate Store 3","Lindt Truffle Chocolate 80% (100g)",86,39
3,"Chocolate Store 3","Lindt White Chocolate 70% (200g)",86,39
3,"Chocolate Store 3","Ferrero White Chocolate 70% (50g)",85,43
3,"Chocolate Store 3","Godiva White Chocolate 90% (100g)",85,43
3,"Chocolate Store 3","Cadbury Milk Chocolate 70% (80g)",84,45
3,"Chocolate Store 3","Cadbury White Chocolate 90% (120g) [ID:195]",84,45
3,"Chocolate Store 3","Hershey Milk Chocolate 90% (80g)",84,45
3,"Chocolate Store 3","Hershey Truffle Chocolate 70% (120g)",84,45
3,"Chocolate Store 3","Lindt Truffle Chocolate 80% (200g)",84,45
3,"Chocolate Store 3","Ferrero White Chocolate 90% (100g)",83,50
3,"Chocolate Store 3","Cadbury Dark Chocolate 80% (200g)",82,51
3,"Chocolate Store 3","Ferrero Milk Chocolate 70% (100g)",82,51
3,"Chocolate Store 3","Godiva Milk Chocolate 80% (50g) [ID:45]",82,51
3,"Chocolate Store 3","Godiva Milk Chocolate 80% (50g) [ID:97]",82,51
3,"Chocolate Store 3","Lindt Praline Chocolate 90% (120g) [ID:25]",82,51
3,"Chocolate Store 3","Lindt Truffle Chocolate 80% (120g)",82,51
3,"Chocolate Store 3","Mars Dark Chocolate 80% (50g)",82,51
3,"Chocolate Store 3","Cadbury White Chocolate 50% (100g)",81,58
3,"Chocolate Store 3","Ferrero White Chocolate 80% (80g) [ID:66]",81,58
3,"Chocolate Store 3","Godiva Praline Chocolate 70% (50g)",81,58
3,"Chocolate Store 3","Godiva Truffle Chocolate 60% (100g)",81,58
3,"Chocolate Store 3","Godiva White Chocolate 80% (80g)",81,58
3,"Chocolate Store 3","Lindt Milk Chocolate 60% (80g)",81,58
3,"Chocolate Store 3","Mars White Chocolate 50% (120g)",81,58
3,"Chocolate Store 3","Cadbury White Chocolate 70% (50g)",80,65
3,"Chocolate Store 3","Cadbury White Chocolate 90% (120g) [ID:69]",80,65
3,"Chocolate Store 3","Ferrero Dark Chocolate 60% (50g)",80,65
3,"Chocolate Store 3","Ferrero Milk Chocolate 60% (100g)",80,65
3,"Chocolate Store 3","Godiva Truffle Chocolate 80% (200g)",80,65
3,"Chocolate Store 3","Lindt Milk Chocolate 80% (200g)",80,65
3,"Chocolate Store 3","Lindt White Chocolate 70% (120g)",80,65
3,"Chocolate Store 3","Cadbury White Chocolate 50% (200g)",79,72
3,"Chocolate Store 3","Ferrero Dark Chocolate 70% (100g)",79,72
3,"Chocolate Store 3","Ferrero White Chocolate 50% (80g)",79,72
3,"Chocolate Store 3","Godiva Praline Chocolate 50% (120g)",79,72
3,"Chocolate Store 3","Hershey Milk Chocolate 70% (50g)",79,72
3,"Chocolate Store 3","Lindt Dark Chocolate 70% (50g)",79,72
3,"Chocolate Store 3","Lindt Praline Chocolate 90% (100g)",79,72
3,"Chocolate Store 3","Mars Dark Chocolate 70% (50g)",79,72
3,"Chocolate Store 3","Mars White Chocolate 60% (100g)",79,72
3,"Chocolate Store 3","Cadbury Truffle Chocolate 90% (80g) [ID:57]",78,81
3,"Chocolate Store 3","Godiva Praline Chocolate 50% (80g)",78,81
3,"Chocolate Store 3","Godiva Praline Chocolate 70% (200g)",78,81
3,"Chocolate Store 3","Mars Dark Chocolate 90% (200g)",78,81
3,"Chocolate Store 3","Mars Praline Chocolate 80% (120g)",78,81
3,"Chocolate Store 3","Cadbury Dark Chocolate 50% (50g) [ID:21]",77,86
3,"Chocolate Store 3","Cadbury Dark Chocolate 60% (100g)",77,86
3,"Chocolate Store 3","Ferrero Milk Chocolate 70% (200g)",77,86
3,"Chocolate Store 3","Ferrero Truffle Chocolate 50% (80g)",77,86
3,"Chocolate Store 3","Godiva Truffle Chocolate 50% (50g)",77,86
3,"Chocolate Store 3","Hershey Truffle Chocolate 90% (120g)",77,86
3,"Chocolate Store 3","Lindt Milk Chocolate 60% (100g) [ID:29]",77,86
3,"Chocolate Store 3","Lindt Truffle Chocolate 90% (200g)",77,86
3,"Chocolate Store 3","Godiva White Chocolate 60% (100g)",76,94
3,"Chocolate Store 3","Hershey Truffle Chocolate 80% (50g)",76,94
3,"Chocolate Store 3","Mars Dark Chocolate 90% (80g)",76,94
3,"Chocolate Store 3","Ferrero Dark Chocolate 50% (200g) [ID:64]",75,97
3,"Chocolate Store 3","Godiva Milk Chocolate 50% (100g)",75,97
3,"Chocolate Store 3","Hershey Dark Chocolate 90% (80g)",75,97
3,"Chocolate Store 3","Hershey Praline Chocolate 50% (200g)",75,97
3,"Chocolate Store 3","Hershey Praline Chocolate 90% (100g)",75,97
3,"Chocolate Store 3","Cadbury Dark Chocolate 90% (100g)",74,102
3,"Chocolate Store 3","Ferrero White Chocolate 80% (80g) [ID:65]",74,102
3,"Chocolate Store 3","Hershey Praline Chocolate 80% (200g)",74,102
3,"Chocolate Store 3","Hershey White Chocolate 50% (200g)",74,102
3,"Chocolate Store 3","Lindt Dark Chocolate 80% (100g)",74,102
3,"Chocolate Store 3","Mars Praline Chocolate 70% (50g)",74,102
3,"Chocolate Store 3","Ferrero Milk Chocolate 50% (200g)",73,108
3,"Chocolate Store 3","Mars Truffle Chocolate 80% (200g)",73,108
3,"Chocolate Store 3","Mars White Chocolate 60% (200g)",73,108
3,"Chocolate Store 3","Cadbury Truffle Chocolate 90% (80g) [ID:129]",72,111
3,"Chocolate Store 3","Hershey White Chocolate 50% (120g)",71,112
3,"Chocolate Store 3","Lindt Praline Chocolate 90% (120g) [ID:30]",71,112
3,"Chocolate Store 3","Hershey White Chocolate 90% (120g)",70,114
3,"Chocolate Store 3","Mars Dark Chocolate 90% (50g)",70,114
3,"Chocolate Store 3","Mars Milk Chocolate 90% (100g)",70,114
3,"Chocolate Store 3","Cadbury Dark Chocolate 60% (200g) [ID:91]",69,117
3,"Chocolate Store 3","Cadbury Dark Chocolate 70% (100g) [ID:23]",69,117
3,"Chocolate Store 3","Ferrero Praline Chocolate 60% (120g)",69,117
3,"Chocolate Store 3","Ferrero Truffle Chocolate 90% (50g)",69,117
3,"Chocolate Store 3","Lindt Milk Chocolate 90% (100g)",69,117
3,"Chocolate Store 3","Cadbury Truffle Chocolate 70% (100g)",68,122
3,"Chocolate Store 3","Ferrero Truffle Chocolate 80% (120g)",68,122
3,"Chocolate Store 3","Hershey Dark Chocolate 80% (80g)",68,122
3,"Chocolate Store 3","Hershey White Chocolate 70% (200g)",68,122
3,"Chocolate Store 3","Mars White Chocolate 50% (50g)",68,122
3,"Chocolate Store 3","Mars White Chocolate 60% (50g) [ID:121]",68,122
3,"Chocolate Store 3","Cadbury Praline Chocolate 70% (100g)",67,128
3,"Chocolate Store 3","Ferrero White Chocolate 50% (100g)",67,128
3,"Chocolate Store 3","Cadbury Praline Chocolate 70% (120g)",66,130
3,"Chocolate Store 3","Cadbury White Chocolate 80% (50g)",66,130
3,"Chocolate Store 3","Ferrero Praline Chocolate 50% (80g)",66,130
3,"Chocolate Store 3","Lindt Dark Chocolate 90% (100g)",66,130
3,"Chocolate Store 3","Lindt Truffle Chocolate 50% (200g)",66,130
3,"Chocolate Store 3","Ferrero Praline Chocolate 50% (100g) [ID:103]",65,135
3,"Chocolate Store 3","Mars Truffle Chocolate 50% (200g)",65,135
3,"Chocolate Store 3","Ferrero Dark Chocolate 50% (200g) [ID:94]",64,137
3,"Chocolate Store 3","Ferrero Praline Chocolate 70% (200g)",64,137
3,"Chocolate Store 3","Hershey Truffle Chocolate 50% (100g)",64,137
3,"Chocolate Store 3","Hershey Truffle Chocolate 60% (120g)",64,137
3,"Chocolate Store 3","Hershey White Chocolate 50% (100g)",64,137
3,"Chocolate Store 3","Mars Truffle Chocolate 80% (50g)",64,137
3,"Chocolate Store 3","Mars White Chocolate 60% (80g)",64,137
3,"Chocolate Store 3","Lindt White Chocolate 90% (100g)",63,144
3,"Chocolate Store 3","Mars White Chocolate 80% (120g)",63,144
3,"Chocolate Store 3","Cadbury Dark Chocolate 60% (120g)",62,146
3,"Chocolate Store 3","Cadbury Praline Chocolate 50% (120g)",62,146
3,"Chocolate Store 3","Cadbury Praline Chocolate 50% (50g)",62,146
3,"Chocolate Store 3","Cadbury Truffle Chocolate 70% (200g)",62,146
3,"Chocolate Store 3","Godiva Dark Chocolate 90% (120g)",62,146
3,"Chocolate Store 3","Godiva White Chocolate 70% (120g)",62,146
3,"Chocolate Store 3","Lindt Dark Chocolate 60% (100g)",62,146
3,"Chocolate Store 3","Lindt Truffle Chocolate 80% (50g)",62,146
3,"Chocolate Store 3","Cadbury Dark Chocolate 50% (120g)",61,154
3,"Chocolate Store 3","Cadbury Milk Chocolate 90% (80g)",61,154
3,"Chocolate Store 3","Cadbury Praline Chocolate 90% (50g)",61,154
3,"Chocolate Store 3","Ferrero Dark Chocolate 70% (50g)",61,154
3,"Chocolate Store 3","Lindt Dark Chocolate 80% (120g)",61,154
3,"Chocolate Store 3","Mars Dark Chocolate 60% (80g)",61,154
3,"Chocolate Store 3","Mars White Chocolate 60% (50g) [ID:76]",61,154
3,"Chocolate Store 3","Cadbury White Chocolate 70% (100g)",60,161
3,"Chocolate Store 3","Ferrero Truffle Chocolate 50% (50g)",60,161
3,"Chocolate Store 3","Lindt Milk Chocolate 60% (100g) [ID:55]",60,161
3,"Chocolate Store 3","Mars Praline Chocolate 90% (80g)",60,161
3,"Chocolate Store 3","Cadbury Praline Chocolate 80% (100g)",59,165
3,"Chocolate Store 3","Mars Dark Chocolate 50% (50g) [ID:171]",59,165
3,"Chocolate Store 3","Godiva Dark Chocolate 60% (50g)",58,167
3,"Chocolate Store 3","Lindt Milk Chocolate 70% (200g) [ID:190]",57,168
3,"Chocolate Store 3","Mars Dark Chocolate 60% (120g)",57,168
3,"Chocolate Store 3","Mars Milk Chocolate 70% (120g)",57,168
3,"Chocolate Store 3","Lindt Dark Chocolate 50% (50g)",56,171
3,"Chocolate Store 3","Ferrero Milk Chocolate 60% (50g)",55,172
3,"Chocolate Store 3","Mars Milk Chocolate 50% (80g) [ID:73]",55,172
3,"Chocolate Store 3","Mars Milk Chocolate 80% (100g)",55,172
3,"Chocolate Store 3","Cadbury Dark Chocolate 50% (80g)",54,175
3,"Chocolate Store 3","Ferrero Praline Chocolate 60% (50g) [ID:161]",54,175
3,"Chocolate Store 3","Hershey Praline Chocolate 50% (80g)",54,175
3,"Chocolate Store 3","Hershey Praline Chocolate 70% (200g)",54,175
3,"Chocolate Store 3","Lindt Milk Chocolate 80% (80g)",54,175
3,"Chocolate Store 3","Hershey Dark Chocolate 70% (80g)",53,180
3,"Chocolate Store 3","Lindt Dark Chocolate 50% (200g)",53,180
3,"Chocolate Store 3","Lindt White Chocolate 80% (120g)",53,180
3,"Chocolate Store 3","Cadbury Dark Chocolate 70% (100g) [ID:2]",51,183
3,"Chocolate Store 3","Godiva White Chocolate 80% (50g)",51,183
3,"Chocolate Store 3","Mars Truffle Chocolate 70% (200g)",51,183
3,"Chocolate Store 3","Hershey Truffle Chocolate 80% (80g)",50,186
3,"Chocolate Store 3","Lindt Milk Chocolate 50% (50g)",50,186
3,"Chocolate Store 3","Cadbury Truffle Chocolate 90% (100g)",49,188
3,"Chocolate Store 3","Lindt Milk Chocolate 70% (200g) [ID:152]",49,188
3,"Chocolate Store 3","Godiva White Chocolate 80% (200g)",48,190
3,"Chocolate Store 3","Mars Milk Chocolate 50% (80g) [ID:4]",48,190
3,"Chocolate Store 3","Cadbury Dark Chocolate 50% (50g) [ID:102]",46,192
3,"Chocolate Store 3","Ferrero White Chocolate 90% (200g)",46,192
3,"Chocolate Store 3","Godiva White Chocolate 50% (80g)",46,192
3,"Chocolate Store 3","Godiva White Chocolate 90% (50g)",45,195
3,"Chocolate Store 3","Hershey Dark Chocolate 50% (120g)",45,195
3,"Chocolate Store 3","Mars Truffle Chocolate 80% (120g)",45,195
3,"Chocolate Store 3","Ferrero Truffle Chocolate 90% (100g)",41,198
3,"Chocolate Store 3","Godiva Dark Chocolate 50% (100g)",40,199
3,"Chocolate Store 3","Mars Praline Chocolate 60% (120g)",40,199
4,"Chocolate Store 4","Godiva Dark Chocolate 60% (50g)",116,1
4,"Chocolate Store 4","Lindt Truffle Chocolate 80% (100g)",116,1
4,"Chocolate Store 4","Cadbury Praline Chocolate 70% (100g)",110,3
4,"Chocolate Store 4","Hershey White Chocolate 50% (120g)",106,4
4,"Chocolate Store 4","Cadbury Dark Chocolate 70% (100g) [ID:2]",105,5
4,"Chocolate Store 4","Cadbury Dark Chocolate 70% (100g) [ID:23]",102,6
4,"Chocolate Store 4","Lindt Praline Chocolate 70% (200g)",102,6
4,"Chocolate Store 4","Cadbury White Chocolate 90% (120g) [ID:69]",99,8
4,"Chocolate Store 4","Ferrero Dark Chocolate 70% (50g)",99,8
4,"Chocolate Store 4","Hershey Praline Chocolate 50% (80g)",99,8
4,"Chocolate Store 4","Lindt Milk Chocolate 80% (80g)",99,8
4,"Chocolate Store 4","Mars Dark Chocolate 90% (200g)",98,12
4,"Chocolate Store 4","Mars Truffle Chocolate 80% (50g)",98,12
4,"Chocolate Store 4","Ferrero Praline Chocolate 50% (100g) [ID:177]",97,14
4,"Chocolate Store 4","Ferrero Truffle Chocolate 90% (50g)",97,14
4,"Chocolate Store 4","Mars Dark Chocolate 90% (80g)",97,14
4,"Chocolate Store 4","Mars Dark Chocolate 50% (50g) [ID:117]",95,17
4,"Chocolate Store 4","Mars Milk Chocolate 90% (100g)",94,18
4,"Chocolate Store 4","Hershey Truffle Chocolate 50% (100g)",93,19
4,"Chocolate Store 4","Lindt Milk Chocolate 70% (200g) [ID:190]",93,19
4,"Chocolate Store 4","Mars Milk Chocolate 80% (120g)",93,19
4,"Chocolate Store 4","Mars White Chocolate 60% (200g)",93,19
4,"Chocolate Store 4","Cadbury Milk Chocolate 60% (50g)",91,23
4,"Chocolate Store 4","Ferrero White Chocolate 80% (80g) [ID:65]",91,23
4,"Chocolate Store 4","Ferrero White Chocolate 80% (80g) [ID:66]",90,25
4,"Chocolate Store 4","Godiva Dark Chocolate 90% (120g)",90,25
4,"Chocolate Store 4","Hershey White Chocolate 90% (120g)",90,25
4,"Chocolate Store 4","Lindt Dark Chocolate 50% (50g)",90,25
4,"Chocolate Store 4","Lindt Dark Chocolate 70% (50g)",90,25
4,"Chocolate Store 4","Cadbury White Chocolate 50% (200g)",89,30
4,"Chocolate Store 4","Godiva Milk Chocolate 70% (120g)",89,30
4,"Chocolate Store 4","Hershey Truffle Chocolate 60% (120g)",89,30
4,"Chocolate Store 4","Mars Milk Chocolate 50% (80g) [ID:4]",88,33
4,"Chocolate Store 4","Cadbury Dark Chocolate 60% (200g) [ID:91]",87,34
4,"Chocolate Store 4","Godiva White Chocolate 80% (80g)",87,34
4,"Chocolate Store 4","Ferrero Truffle Chocolate 80% (120g)",86,36
4,"Chocolate Store 4","Godiva White Chocolate 80% (200g)",86,36
4,"Chocolate Store 4","Hershey Dark Chocolate 50% (120g)",86,36
4,"Chocolate Store 4","Hershey Milk Chocolate 70% (100g)",86,36
4,"Chocolate Store 4","Mars Milk Chocolate 80% (100g)",86,36
4,"Chocolate Store 4","Cadbury Truffle Chocolate 90% (100g)",85,41
4,"Chocolate Store 4","Ferrero Milk Chocolate 70% (100g)",85,41
4,"Chocolate Store 4","Ferrero Truffle Chocolate 90% (100g)",85,41
4,"Chocolate Store 4","Ferrero White Chocolate 90% (100g)",85,41
4,"Chocolate Store 4","Ferrero White Chocolate 90% (200g)",85,41
4,"Chocolate Store 4","Godiva Praline Chocolate 50% (80g)",85,41
4,"Chocolate Store 4","Godiva Truffle Chocolate 80% (100g)",85,41
4,"Chocolate Store 4","Mars Milk Chocolate 50% (80g) [ID:73]",85,41
4,"Chocolate Store 4","Cadbury Praline Chocolate 90% (50g)",84,49
4,"Chocolate Store 4","Cadbury White Chocolate 80% (50g)",84,49
4,"Chocolate Store 4","Ferrero Milk Chocolate 60% (100g)",84,49
4,"Chocolate Store 4","Ferrero Milk Chocolate 70% (200g)",83,52
4,"Chocolate Store 4","Ferrero Truffle Chocolate 50% (100g)",83,52
4,"Chocolate Store 4","Ferrero White Chocolate 50% (80g)",83,52
4,"Chocolate Store 4","Lindt Truffle Chocolate 80% (50g)",83,52
4,"Chocolate Store 4","Cadbury White Chocolate 90% (80g)",82,56
4,"Chocolate Store 4","Ferrero Milk Chocolate 50% (200g)",82,56
4,"Chocolate Store 4","Godiva Truffle Chocolate 70% (100g) [ID:159]",82,56
4,"Chocolate Store 4","Godiva Truffle Chocolate 70% (200g)",82,56
4,"Chocolate Store 4","Mars Truffle Chocolate 80% (120g)",82,56
4,"Chocolate Store 4","Mars White Chocolate 80% (120g)",82,56
4,"Chocolate Store 4","Ferrero Dark Chocolate 50% (200g) [ID:64]",81,62
4,"Chocolate Store 4","Hershey Milk Chocolate 90% (50g)",81,62
4,"Chocolate Store 4","Lindt Truffle Chocolate 60% (50g)",81,62
4,"Chocolate Store 4","Lindt White Chocolate 70% (200g)",81,62
4,"Chocolate Store 4","Mars Milk Chocolate 70% (120g)",81,62
4,"Chocolate Store 4","Cadbury Dark Chocolate 60% (100g)",80,67
4,"Chocolate Store 4","Godiva Truffle Chocolate 70% (100g) [ID:191]",80,67
4,"Chocolate Store 4","Lindt Praline Chocolate 90% (120g) [ID:30]",80,67
4,"Chocolate Store 4","Mars Praline Chocolate 60% (120g)",80,67
4,"Chocolate Store 4","Mars Truffle Chocolate 70% (200g)",80,67
4,"Chocolate Store 4","Mars White Chocolate 50% (120g)",80,67
4,"Chocolate Store 4","Cadbury Dark Chocolate 50% (50g) [ID:102]",79,73
4,"Chocolate Store 4","Cadbury Dark Chocolate 50% (80g)",79,73
4,"Chocolate Store 4","Cadbury Praline Chocolate 70% (120g)",79,73
4,"Chocolate Store 4","Hershey Praline Chocolate 50% (200g)",79,73
4,"Chocolate Store 4","Lindt Milk Chocolate 60% (100g) [ID:55]",79,73
4,"Chocolate Store 4","Lindt White Chocolate 90% (100g)",79,73
4,"Chocolate Store 4","Mars White Chocolate 60% (50g) [ID:76]",79,73
4,"Chocolate Store 4","Godiva Praline Chocolate 70% (200g)",78,80
4,"Chocolate Store 4","Lindt Milk Chocolate 60% (100g) [ID:29]",78,80
4,"Chocolate Store 4","Mars Dark Chocolate 70% (50g)",78,80
4,"Chocolate Store 4","Cadbury White Chocolate 70% (50g)",77,83
4,"Chocolate Store 4","Hershey Milk Chocolate 50% (100g)",77,83
4,"Chocolate Store 4","Ferrero Praline Chocolate 70% (100g)",76,85
4,"Chocolate Store 4","Hershey Dark Chocolate 90% (80g)",76,85
4,"Chocolate Store 4","Lindt Dark Chocolate 80% (100g)",76,85
4,"Chocolate Store 4","Ferrero Dark Chocolate 90% (80g)",75,88
4,"Chocolate Store 4","Hershey White Chocolate 80% (50g)",75,88
4,"Chocolate Store 4","Lindt Praline Chocolate 90% (120g) [ID:25]",75,88
4,"Chocolate Store 4","Mars Truffle Chocolate 50% (200g)",75,88
4,"Chocolate Store 4","Cadbury Dark Chocolate 60% (120g)",74,92
4,"Chocolate Store 4","Cadbury Dark Chocolate 80% (200g)",74,92
4,"Chocolate Store 4","Ferrero White Chocolate 50% (100g)",74,92
4,"Chocolate Store 4","Hershey Truffle Chocolate 80% (80g)",74,92
4,"Chocolate Store 4","Mars White Chocolate 60% (50g) [ID:121]",74,92
4,"Chocolate Store 4","Cadbury Milk Chocolate 90% (80g)",73,97
4,"Chocolate Store 4","Cadbury Truffle Chocolate 70% (100g)",73,97
4,"Chocolate Store 4","Ferrero Milk Chocolate 60% (50g)",73,97
4,"Chocolate Store 4","Ferrero Truffle Chocolate 50% (80g)",73,97
4,"Chocolate Store 4","Hershey Milk Chocolate 90% (80g)",73,97
4,"Chocolate Store 4","Mars Dark Chocolate 90% (50g)",73,97
4,"Chocolate Store 4","Godiva Truffle Chocolate 50% (50g)",72,103
4,"Chocolate Store 4","Hershey Truffle Chocolate 70% (120g)",72,103
4,"Chocolate Store 4","Hershey White Chocolate 70% (200g)",72,103
4,"Chocolate Store 4","Ferrero Truffle Chocolate 50% (50g)",71,106
4,"Chocolate Store 4","Hershey White Chocolate 50% (100g)",71,106
4,"Chocolate Store 4","Lindt Milk Chocolate 70% (200g) [ID:152]",71,106
4,"Chocolate Store 4","Mars Praline Chocolate 90% (80g)",71,106
4,"Chocolate Store 4","Ferrero Praline Chocolate 90% (80g)",70,110
4,"Chocolate Store 4","Godiva Truffle Chocolate 60% (100g)",70,110
4,"Chocolate Store 4","Godiva Truffle Chocolate 90% (200g)",70,110
4,"Chocolate Store 4","Ferrero Praline Chocolate 50% (120g)",69,113
4,"Chocolate Store 4","Cadbury Truffle Chocolate 90% (80g) [ID:129]",68,114
4,"Chocolate Store 4","Cadbury White Chocolate 90% (120g) [ID:195]",68,114
4,"Chocolate Store 4","Ferrero Dark Chocolate 60% (50g)",68,114
4,"Chocolate Store 4","Godiva White Chocolate 70% (120g)",68,114
4,"Chocolate Store 4","Hershey Truffle Chocolate 80% (50g)",68,114
4,"Chocolate Store 4","Lindt Dark Chocolate 50% (120g)",68,114
4,"Chocolate Store 4","Lindt Dark Chocolate 80% (120g)",68,114
4,"Chocolate Store 4","Mars White Chocolate 60% (100g)",68,114
4,"Chocolate Store 4","Cadbury Praline Chocolate 50% (50g)",67,122
4,"Chocolate Store 4","Ferrero Praline Chocolate 60% (50g) [ID:161]",67,122
4,"Chocolate Store 4","Godiva Truffle Chocolate 80% (200g)",67,122
4,"Chocolate Store 4","Hershey Praline Chocolate 80% (200g)",67,122
4,"Chocolate Store 4","Hershey White Chocolate 50% (200g)",67,122
4,"Chocolate Store 4","Lindt Praline Chocolate 90% (100g)",67,122
4,"Chocolate Store 4","Mars Dark Chocolate 80% (50g)",67,122
4,"Chocolate Store 4","Ferrero Praline Chocolate 60% (50g) [ID:50]",66,129
4,"Chocolate Store 4","Godiva Praline Chocolate 80% (120g)",66,129
4,"Chocolate Store 4","Lindt Dark Chocolate 90% (100g)",66,129
4,"Chocolate Store 4","Lindt White Chocolate 80% (120g)",66,129
4,"Chocolate Store 4","Ferrero Praline Chocolate 50% (50g)",65,133
4,"Chocolate Store 4","Ferrero Praline Chocolate 70% (200g)",65,133
4,"Chocolate Store 4","Lindt Milk Chocolate 60% (50g)",65,133
4,"Chocolate Store 4","Lindt Truffle Chocolate 90% (200g)",65,133
4,"Chocolate Store 4","Mars White Chocolate 50% (50g)",65,133
4,"Chocolate Store 4","Godiva Milk Chocolate 80% (50g) [ID:45]",64,138
4,"Chocolate Store 4","Godiva Praline Chocolate 70% (50g)",64,138
4,"Chocolate Store 4","Hershey Dark Chocolate 70% (80g)",64,138
4,"Chocolate Store 4","Mars Dark Chocolate 60% (80g)",64,138
4,"Chocolate Store 4","Godiva Dark Chocolate 50% (100g)",63,142
4,"Chocolate Store 4","Godiva White Chocolate 90% (50g)",63,142
4,"Chocolate Store 4","Hershey Praline Chocolate 70% (200g)",63,142
4,"Chocolate Store 4","Cadbury Praline Chocolate 80% (100g)",62,145
4,"Chocolate Store 4","Lindt Dark Chocolate 50% (200g)",62,145
4,"Chocolate Store 4","Lindt Milk Chocolate 80% (200g)",62,145
4,"Chocolate Store 4","Lindt Milk Chocolate 90% (100g)",62,145
4,"Chocolate Store 4","Lindt Truffle Chocolate 90% (50g)",61,149
4,"Chocolate Store 4","Mars Truffle Chocolate 80% (200g)",61,149
4,"Chocolate Store 4","Hershey Praline Chocolate 90% (100g)",60,151
4,"Chocolate Store 4","Lindt Truffle Chocolate 50% (200g)",60,151
4,"Chocolate Store 4","Mars Milk Chocolate 90% (80g)",60,151
4,"Chocolate Store 4","Cadbury White Chocolate 70% (100g)",59,154
4,"Chocolate Store 4","Ferrero Dark Chocolate 50% (50g)",59,154
4,"Chocolate Store 4","Cadbury Dark Chocolate 90% (100g)",58,156
4,"Chocolate Store 4","Cadbury White Chocolate 50% (100g)",58,156
4,"Chocolate Store 4","Lindt Truffle Chocolate 80% (200g)",58,156
4,"Chocolate Store 4","Cadbury Dark Chocolate 50% (50g) [ID:21]",57,159
4,"Chocolate Store 4","Lindt White Chocolate 70% (120g)",57,159
4,"Chocolate Store 4","Mars Dark Chocolate 60% (120g)",57,159
4,"Chocolate Store 4","Cadbury Milk Chocolate 70% (100g)",56,162
4,"Chocolate Store 4","Cadbury Milk Chocolate 70% (80g)",56,162
4,"Chocolate Store 4","Cadbury Truffle Chocolate 90% (80g) [ID:57]",56,162
4,"Chocolate Store 4","Godiva White Chocolate 70% (50g)",56,162
4,"Chocolate Store 4","Godiva White Chocolate 90% (100g)",56,162
4,"Chocolate Store 4","Cadbury Dark Chocolate 60% (200g) [ID:156]",55,167
4,"Chocolate Store 4","Ferrero Praline Chocolate 60% (120g)",55,167
4,"Chocolate Store 4","Ferrero White Chocolate 70% (50g)",55,167
4,"Chocolate Store 4","Hershey Milk Chocolate 70% (200g)",55,167
4,"Chocolate Store 4","Lindt Dark Chocolate 60% (50g)",55,167
4,"Chocolate Store 4","Ferrero Dark Chocolate 70% (100g)",54,172
4,"Chocolate Store 4","Godiva Dark Chocolate 70% (200g)",54,172
4,"Chocolate Store 4","Lindt Milk Chocolate 60% (80g)",54,172
4,"Chocolate Store 4","Mars Dark Chocolate 50% (50g) [ID:171]",54,172
4,"Chocolate Store 4","Ferrero Praline Chocolate 50% (80g)",53,176
4,"Chocolate Store 4","Ferrero Dark Chocolate 50% (200g) [ID:94]",52,177
4,"Chocolate Store 4","Godiva Milk Chocolate 50% (100g)",52,177
4,"Chocolate Store 4","Godiva Praline Chocolate 50% (120g)",51,179
4,"Chocolate Store 4","Hershey Milk Chocolate 70% (50g)",51,179
4,"Chocolate Store 4","Cadbury Milk Chocolate 50% (100g)",50,181
4,"Chocolate Store 4","Cadbury Truffle Chocolate 70% (200g)",50,181
4,"Chocolate Store 4","Godiva White Chocolate 50% (80g)",49,183
4,"Chocolate Store 4","Godiva White Chocolate 60% (100g)",49,183
4,"Chocolate Store 4","Godiva White Chocolate 80% (50g)",48,185
4,"Chocolate Store 4","Ferrero Praline Chocolate 50% (100g) [ID:103]",47,186
4,"Chocolate Store 4","Mars White Chocolate 60% (80g)",47,186
4,"Chocolate Store 4","Hershey Milk Chocolate 50% (50g)",46,188
4,"Chocolate Store 4","Cadbury Praline Chocolate 50% (120g)",45,189
4,"Chocolate Store 4","Ferrero Truffle Chocolate 50% (200g)",45,189
4,"Chocolate Store 4","Hershey Dark Chocolate 80% (80g)",45,189
4,"Chocolate Store 4","Lindt Milk Chocolate 50% (50g)",45,189
4,"Chocolate Store 4","Cadbury Dark Chocolate 50% (120g)",43,193
4,"Chocolate Store 4","Hershey Truffle Chocolate 90% (120g)",42,194
4,"Chocolate Store 4","Lindt Truffle Chocolate 80% (120g)",42,194
4,"Chocolate Store 4","Lindt Dark Chocolate 60% (100g)",41,196
4,"Chocolate Store 4","Mars Praline Chocolate 70% (50g)",41,196
4,"Chocolate Store 4","Cadbury Truffle Chocolate 80% (120g)",40,198
4,"Chocolate Store 4","Mars Praline Chocolate 80% (120g)",35,199
4,"Chocolate Store 4","Godiva Milk Chocolate 80% (50g) [ID:97]",34,200
5,"Chocolate Store 5","Lindt Dark Chocolate 80% (120g)",132,1
5,"Chocolate Store 5","Lindt Praline Chocolate 90% (100g)",119,2
5,"Chocolate Store 5","Godiva Praline Chocolate 70% (200g)",117,3
5,"Chocolate Store 5","Hershey Truffle Chocolate 90% (120g)",112,4
5,"Chocolate Store 5","Mars Praline Chocolate 70% (50g)",112,4
5,"Chocolate Store 5","Hershey Truffle Chocolate 50% (100g)",109,6
5,"Chocolate Store 5","Ferrero Milk Chocolate 70% (200g)",108,7
5,"Chocolate Store 5","Mars White Chocolate 60% (80g)",107,8
5,"Chocolate Store 5","Cadbury Truffle Chocolate 90% (80g) [ID:129]",105,9
5,"Chocolate Store 5","Lindt White Chocolate 70% (120g)",105,9
5,"Chocolate Store 5","Mars Dark Chocolate 90% (80g)",104,11
5,"Chocolate Store 5","Ferrero Dark Chocolate 60% (50g)",103,12
5,"Chocolate Store 5","Godiva White Chocolate 70% (120g)",103,12
5,"Chocolate Store 5","Hershey White Chocolate 50% (200g)",103,12
5,"Chocolate Store 5","Mars Truffle Chocolate 70% (200g)",103,12
5,"Chocolate Store 5","Hershey Milk Chocolate 50% (100g)",102,16
5,"Chocolate Store 5","Godiva Truffle Chocolate 70% (200g)",101,17
5,"Chocolate Store 5","Lindt Dark Chocolate 60% (50g)",101,17
5,"Chocolate Store 5","Cadbury Dark Chocolate 60% (120g)",100,19
5,"Chocolate Store 5","Hershey Truffle Chocolate 60% (120g)",98,20
5,"Chocolate Store 5","Lindt Dark Chocolate 90% (100g)",98,20
5,"Chocolate Store 5","Lindt Milk Chocolate 60% (80g)",98,20
5,"Chocolate Store 5","Ferrero Praline Chocolate 50% (50g)",97,23
5,"Chocolate Store 5","Hershey Milk Chocolate 50% (50g)",97,23
5,"Chocolate Store 5","Lindt Truffle Chocolate 80% (50g)",96,25
5,"Chocolate Store 5","Cadbury White Chocolate 90% (120g) [ID:195]",95,26
5,"Chocolate Store 5","Hershey Dark Chocolate 70% (80g)",95,26
5,"Chocolate Store 5","Ferrero Praline Chocolate 60% (50g) [ID:161]",94,28
5,"Chocolate Store 5","Ferrero Truffle Chocolate 50% (80g)",94,28
5,"Chocolate Store 5","Godiva White Chocolate 80% (80g)",94,28
5,"Chocolate Store 5","Ferrero Milk Chocolate 60% (50g)",93,31
5,"Chocolate Store 5","Ferrero Truffle Chocolate 50% (100g)",93,31
5,"Chocolate Store 5","Godiva Dark Chocolate 70% (200g)",93,31
5,"Chocolate Store 5","Cadbury Praline Chocolate 50% (50g)",92,34
5,"Chocolate Store 5","Hershey Milk Chocolate 70% (50g)",92,34
5,"Chocolate Store 5","Ferrero Praline Chocolate 50% (120g)",91,36
5,"Chocolate Store 5","Ferrero Praline Chocolate 70% (200g)",91,36
5,"Chocolate Store 5","Ferrero Truffle Chocolate 50% (50g)",89,38
5,"Chocolate Store 5","Godiva Dark Chocolate 60% (50g)",89,38
5,"Chocolate Store 5","Lindt Truffle Chocolate 80% (100g)",89,38
5,"Chocolate Store 5","Mars Dark Chocolate 60% (120g)",89,38
5,"Chocolate Store 5","Cadbury White Chocolate 70% (100g)",88,42
5,"Chocolate Store 5","Godiva Dark Chocolate 50% (100g)",87,43
5,"Chocolate Store 5","Cadbury Dark Chocolate 50% (80g)",86,44
5,"Chocolate Store 5","Lindt Milk Chocolate 80% (200g)",86,44
5,"Chocolate Store 5","Cadbury Praline Chocolate 90% (50g)",85,46
5,"Chocolate Store 5","Ferrero Dark Chocolate 50% (200g) [ID:64]",85,46
5,"Chocolate Store 5","Hershey Dark Chocolate 90% (80g)",85,46
5,"Chocolate Store 5","Hershey White Chocolate 70% (200g)",85,46
5,"Chocolate Store 5","Lindt Dark Chocolate 50% (200g)",85,46
5,"Chocolate Store 5","Lindt Truffle Chocolate 80% (200g)",85,46
5,"Chocolate Store 5","Lindt Truffle Chocolate 90% (200g)",85,46
5,"Chocolate Store 5","Mars Milk Chocolate 50% (80g) [ID:73]",85,46
5,"Chocolate Store 5","Ferrero Praline Chocolate 50% (100g) [ID:103]",84,54
5,"Chocolate Store 5","Lindt White Chocolate 80% (120g)",84,54
5,"Chocolate Store 5","Mars White Chocolate 60% (100g)",84,54
5,"Chocolate Store 5","Mars White Chocolate 80% (120g)",84,54
5,"Chocolate Store 5","Cadbury Dark Chocolate 50% (50g) [ID:102]",83,58
5,"Chocolate Store 5","Cadbury Praline Chocolate 80% (100g)",83,58
5,"Chocolate Store 5","Ferrero Truffle Chocolate 90% (50g)",83,58
5,"Chocolate Store 5","Hershey Dark Chocolate 80% (80g)",83,58
5,"Chocolate Store 5","Lindt Milk Chocolate 80% (80g)",83,58
5,"Chocolate Store 5","Cadbury White Chocolate 50% (200g)",82,63
5,"Chocolate Store 5","Ferrero Truffle Chocolate 50% (200g)",82,63
5,"Chocolate Store 5","Lindt Dark Chocolate 50% (50g)",82,63
5,"Chocolate Store 5","Lindt Dark Chocolate 80% (100g)",82,63
5,"Chocolate Store 5","Mars Praline Chocolate 80% (120g)",82,63
5,"Chocolate Store 5","Cadbury White Chocolate 50% (100g)",81,68
5,"Chocolate Store 5","Mars White Chocolate 50% (50g)",81,68
5,"Chocolate Store 5","Cadbury Dark Chocolate 50% (120g)",80,70
5,"Chocolate Store 5","Ferrero Dark Chocolate 90% (80g)",80,70
5,"Chocolate Store 5","Ferrero Praline Chocolate 50% (80g)",80,70
5,"Chocolate Store 5","Ferrero Truffle Chocolate 90% (100g)",80,70
5,"Chocolate Store 5","Lindt White Chocolate 70% (200g)",80,70
5,"Chocolate Store 5","Mars Milk Chocolate 70% (120g)",80,70
5,"Chocolate Store 5","Mars Milk Chocolate 80% (100g)",80,70
5,"Chocolate Store 5","Cadbury Milk Chocolate 60% (50g)",78,77
5,"Chocolate Store 5","Ferrero Praline Chocolate 70% (100g)",78,77
5,"Chocolate Store 5","Ferrero White Chocolate 80% (80g) [ID:65]",78,77
5,"Chocolate Store 5","Lindt Praline Chocolate 90% (120g) [ID:30]",78,77
5,"Chocolate Store 5","Lindt Truffle Chocolate 50% (200g)",78,77
5,"Chocolate Store 5","Lindt Truffle Chocolate 90% (50g)",78,77
5,"Chocolate Store 5","Mars Milk Chocolate 90% (80g)",78,77
5,"Chocolate Store 5","Ferrero White Chocolate 50% (80g)",77,84
5,"Chocolate Store 5","Hershey Truffle Chocolate 70% (120g)",77,84
5,"Chocolate Store 5","Lindt Milk Chocolate 60% (100g) [ID:29]",77,84
5,"Chocolate Store 5","Cadbury Truffle Chocolate 90% (100g)",76,87
5,"Chocolate Store 5","Ferrero Milk Chocolate 60% (100g)",76,87
5,"Chocolate Store 5","Mars Dark Chocolate 50% (50g) [ID:117]",76,87
5,"Chocolate Store 5","Mars White Chocolate 60% (50g) [ID:76]",76,87
5,"Chocolate Store 5","Cadbury Milk Chocolate 70% (80g)",75,91
5,"Chocolate Store 5","Cadbury Truffle Chocolate 70% (200g)",75,91
5,"Chocolate Store 5","Cadbury Truffle Chocolate 90% (80g) [ID:57]",75,91
5,"Chocolate Store 5","Ferrero White Chocolate 90% (100g)",75,91
5,"Chocolate Store 5","Godiva Dark Chocolate 90% (120g)",75,91
5,"Chocolate Store 5","Lindt Dark Chocolate 50% (120g)",75,91
5,"Chocolate Store 5","Mars Milk Chocolate 50% (80g) [ID:4]",75,91
5,"Chocolate Store 5","Cadbury White Chocolate 90% (120g) [ID:69]",74,98
5,"Chocolate Store 5","Godiva Praline Chocolate 80% (120g)",74,98
5,"Chocolate Store 5","Godiva Truffle Chocolate 70% (100g) [ID:191]",74,98
5,"Chocolate Store 5","Godiva White Chocolate 70% (50g)",74,98
5,"Chocolate Store 5","Godiva White Chocolate 80% (200g)",74,98
5,"Chocolate Store 5","Godiva White Chocolate 90% (100g)",74,98
5,"Chocolate Store 5","Lindt Praline Chocolate 90% (120g) [ID:25]",74,98
5,"Chocolate Store 5","Cadbury Dark Chocolate 80% (200g)",73,105
5,"Chocolate Store 5","Cadbury Praline Chocolate 70% (100g)",73,105
5,"Chocolate Store 5","Hershey Milk Chocolate 90% (80g)",73,105
5,"Chocolate Store 5","Hershey White Chocolate 50% (100g)",73,105
5,"Chocolate Store 5","Lindt Dark Chocolate 60% (100g)",73,105
5,"Chocolate Store 5","Mars Truffle Chocolate 80% (120g)",73,105
5,"Chocolate Store 5","Mars Truffle Chocolate 80% (50g)",73,105
5,"Chocolate Store 5","Cadbury Praline Chocolate 50% (120g)",72,112
5,"Chocolate Store 5","Ferrero Praline Chocolate 90% (80g)",72,112
5,"Chocolate Store 5","Godiva Praline Chocolate 70% (50g)",72,112
5,"Chocolate Store 5","Mars Milk Chocolate 90% (100g)",72,112
5,"Chocolate Store 5","Mars Truffle Chocolate 80% (200g)",72,112
5,"Chocolate Store 5","Cadbury Milk Chocolate 50% (100g)",71,117
5,"Chocolate Store 5","Cadbury White Chocolate 80% (50g)",71,117
5,"Chocolate Store 5","Ferrero Praline Chocolate 60% (120g)",71,117
5,"Chocolate Store 5","Ferrero White Chocolate 80% (80g) [ID:66]",71,117
5,"Chocolate Store 5","Ferrero White Chocolate 90% (200g)",71,117
5,"Chocolate Store 5","Godiva Praline Chocolate 50% (80g)",71,117
5,"Chocolate Store 5","Godiva Truffle Chocolate 70% (100g) [ID:159]",71,117
5,"Chocolate Store 5","Hershey Milk Chocolate 70% (100g)",71,117
5,"Chocolate Store 5","Hershey Milk Chocolate 70% (200g)",71,117
5,"Chocolate Store 5","Hershey White Chocolate 50% (120g)",71,117
5,"Chocolate Store 5","Lindt Milk Chocolate 60% (100g) [ID:55]",71,117
5,"Chocolate Store 5","Lindt Truffle Chocolate 60% (50g)",71,117
5,"Chocolate Store 5","Godiva Truffle Chocolate 60% (100g)",70,129
5,"Chocolate Store 5","Godiva Truffle Chocolate 80% (100g)",70,129
5,"Chocolate Store 5","Cadbury Dark Chocolate 70% (100g) [ID:23]",69,131
5,"Chocolate Store 5","Godiva Truffle Chocolate 90% (200g)",69,131
5,"Chocolate Store 5","Lindt Praline Chocolate 70% (200g)",69,131
5,"Chocolate Store 5","Mars Milk Chocolate 80% (120g)",69,131
5,"Chocolate Store 5","Mars Praline Chocolate 90% (80g)",69,131
5,"Chocolate Store 5","Ferrero Milk Chocolate 50% (200g)",68,136
5,"Chocolate Store 5","Godiva White Chocolate 50% (80g)",68,136
5,"Chocolate Store 5","Hershey Praline Chocolate 80% (200g)",68,136
5,"Chocolate Store 5","Lindt Milk Chocolate 90% (100g)",68,136
5,"Chocolate Store 5","Mars Dark Chocolate 70% (50g)",68,136
5,"Chocolate Store 5","Godiva Truffle Chocolate 80% (200g)",67,141
5,"Chocolate Store 5","Lindt Milk Chocolate 60% (50g)",67,141
5,"Chocolate Store 5","Lindt White Chocolate 90% (100g)",67,141
5,"Chocolate Store 5","Mars Dark Chocolate 60% (80g)",67,141
5,"Chocolate Store 5","Mars Dark Chocolate 90% (50g)",67,141
5,"Chocolate Store 5","Cadbury Milk Chocolate 70% (100g)",66,146
5,"Chocolate Store 5","Hershey Praline Chocolate 50% (80g)",66,146
5,"Chocolate Store 5","Hershey Truffle Chocolate 80% (50g)",66,146
5,"Chocolate Store 5","Mars White Chocolate 60% (200g)",66,146
5,"Chocolate Store 5","Cadbury Dark Chocolate 60% (100g)",65,150
5,"Chocolate Store 5","Godiva Milk Chocolate 50% (100g)",65,150
5,"Chocolate Store 5","Godiva White Chocolate 60% (100g)",65,150
5,"Chocolate Store 5","Godiva White Chocolate 90% (50g)",65,150
5,"Chocolate Store 5","Lindt Milk Chocolate 70% (200g) [ID:190]",65,150
5,"Chocolate Store 5","Mars Dark Chocolate 50% (50g) [ID:171]",65,150
5,"Chocolate Store 5","Godiva Milk Chocolate 70% (120g)",64,156
5,"Chocolate Store 5","Cadbury Dark Chocolate 60% (200g) [ID:91]",63,157
5,"Chocolate Store 5","Cadbury Dark Chocolate 90% (100g)",63,157
5,"Chocolate Store 5","Ferrero Dark Chocolate 50% (200g) [ID:94]",63,157
5,"Chocolate Store 5","Ferrero Praline Chocolate 50% (100g) [ID:177]",63,157
5,"Chocolate Store 5","Godiva Milk Chocolate 80% (50g) [ID:45]",63,157
5,"Chocolate Store 5","Mars White Chocolate 50% (120g)",63,157
5,"Chocolate Store 5","Cadbury Praline Chocolate 70% (120g)",62,163
5,"Chocolate Store 5","Cadbury White Chocolate 90% (80g)",61,164
5,"Chocolate Store 5","Ferrero Milk Chocolate 70% (100g)",61,164
5,"Chocolate Store 5","Hershey Truffle Chocolate 80% (80g)",61,164
5,"Chocolate Store 5","Mars Praline Chocolate 60% (120g)",61,164
5,"Chocolate Store 5","Ferrero Dark Chocolate 70% (100g)",60,168
5,"Chocolate Store 5","Mars Dark Chocolate 80% (50g)",60,168
5,"Chocolate Store 5","Godiva Truffle Chocolate 50% (50g)",59,170
5,"Chocolate Store 5","Hershey Milk Chocolate 90% (50g)",59,170
5,"Chocolate Store 5","Hershey Praline Chocolate 70% (200g)",59,170
5,"Chocolate Store 5","Hershey Praline Chocolate 90% (100g)",59,170
5,"Chocolate Store 5","Cadbury Dark Chocolate 70% (100g) [ID:2]",58,174
5,"Chocolate Store 5","Ferrero White Chocolate 70% (50g)",58,174
5,"Chocolate Store 5","Hershey White Chocolate 80% (50g)",58,174
5,"Chocolate Store 5","Lindt Milk Chocolate 70% (200g) [ID:152]",58,174
5,"Chocolate Store 5","Cadbury Dark Chocolate 50% (50g) [ID:21]",57,178
5,"Chocolate Store 5","Godiva White Chocolate 80% (50g)",56,179
5,"Chocolate Store 5","Lindt Dark Chocolate 70% (50g)",55,180
5,"Chocolate Store 5","Cadbury Truffle Chocolate 80% (120g)",54,181
5,"Chocolate Store 5","Ferrero White Chocolate 50% (100g)",54,181
5,"Chocolate Store 5","Cadbury Truffle Chocolate 70% (100g)",53,183
5,"Chocolate Store 5","Ferrero Praline Chocolate 60% (50g) [ID:50]",53,183
5,"Chocolate Store 5","Lindt Truffle Chocolate 80% (120g)",53,183
5,"Chocolate Store 5","Ferrero Dark Chocolate 70% (50g)",52,186
5,"Chocolate Store 5","Mars White Chocolate 60% (50g) [ID:121]",52,186
5,"Chocolate Store 5","Godiva Praline Chocolate 50% (120g)",51,188
5,"Chocolate Store 5","Hershey Dark Chocolate 50% (120g)",51,188
5,"Chocolate Store 5","Ferrero Dark Chocolate 50% (50g)",49,190
5,"Chocolate Store 5","Ferrero Truffle Chocolate 80% (120g)",49,190
5,"Chocolate Store 5","Mars Dark Chocolate 90% (200g)",49,190
5,"Chocolate Store 5","Cadbury White Chocolate 70% (50g)",48,193
5,"Chocolate Store 5","Lindt Milk Chocolate 50% (50g)",47,194
5,"Chocolate Store 5","Godiva Milk Chocolate 80% (50g) [ID:97]",46,195
5,"Chocolate Store 5","Cadbury Dark Chocolate 60% (200g) [ID:156]",45,196
5,"Chocolate Store 5","Hershey Praline Chocolate 50% (200g)",45,196
5,"Chocolate Store 5","Cadbury Milk Chocolate 90% (80g)",43,198
5,"Chocolate Store 5","Mars Truffle Chocolate 50% (200g)",43,198
5,"Chocolate Store 5","Hershey White Chocolate 90% (120g)",42,200
